Date,Florida,Tampa,Orlando,Phoenix
2004-06-01,13.200803212851406,5.6471023884465845,15.990547459629775,-0.31410622501427754
2004-07-01,13.30642060745867,4.827217670110438,15.524545228008972,-1.5405968077723802
2004-08-01,13.56731475397163,6.888404216648492,17.1256885327992,-0.4597060667270321
2004-09-01,11.363445906310233,3.500673206385843,16.620033575825406,0.7172131147540983
2004-10-01,13.37148195725797,5.69882777276826,19.210122699386503,1.3749561557348298
2004-11-01,17.40988909426987,21.984507561785318,25.03556187766714,2.6585168274541573
2004-12-01,16.857081267514552,21.549930651872398,24.883148831488313,3.176395849509423
2005-01-01,10.420787014935552,20.389185465817118,19.6684693157771,1.296244394618834
2005-02-01,7.149289920332526,12.585331699632418,11.477572559366754,-3.061822443598008
2005-03-01,13.116102499209111,19.344,16.007450421825354,0.645819170632223
2005-04-01,12.171447631754504,21.125319693094628,12.241706690494807,1.1049723756906076
2005-05-01,8.561183325862842,12.900462566386842,9.076594308851647,4.281409852147712
2005-06-01,8.791286763401567,12.635821941815633,8.851160158460667,4.167860211973647
2005-07-01,8.618642054901429,13.899745114698387,10.030198446937016,4.6518184381167185
2005-08-01,7.481025152309316,12.548886243836083,6.883283454467722,4.898187670561891
2005-09-01,5.308902099480774,10.258316298085859,6.09404990403071,3.262607179189071
2005-10-01,5.9813212470814445,8.548029346527898,5.221400235874343,2.4427375268147533
2005-11-01,3.981763914854538,-4.974296945872392,3.8059778674113143,3.637015781922525
2005-12-01,0.7040521429010638,-5.676793610041363,2.639613907219541,2.6339194089074365
2006-01-01,-0.4416033598912976,-9.126019167501074,-0.8252284114353079,25.9597426852044
2006-02-01,-1.787676989720049,-6.685323383084577,0.8391608391608392,23.348949675079343
2006-03-01,-1.7731289853451169,-7.413862448049337,1.6717038156403476,25.005065856129686
2006-04-01,-0.3062832674180023,-7.587274774774774,4.497959996019504,23.203026481715007
2006-05-01,-1.460966778885854,-6.752655538694992,4.650443390389771,21.85190162612552
2006-06-01,-2.5957932496331324,-7.406254862299673,1.6533222418633668,22.844768321187956
2006-07-01,-3.4425666177251566,-7.757720423690885,-0.20584199176632034,23.96955818965517
2006-08-01,-3.138161436397606,-5.997884876869618,-0.32,23.340671069308254
2006-09-01,-0.16435028046732644,-1.7191977077363898,1.2663952962460425,23.263668988811485
2006-10-01,-3.1523359035832312,-2.0748192392329456,-2.221316486651722,23.42610105376925
2006-11-01,-3.8355991546541337,2.863961813842482,-5.5096144266215,21.2985394891673
2006-12-01,1.8317814074187149,7.364282473915015,-3.3490068131657234,21.617117717637647
2007-01-01,6.234684698656906,8.972139146859751,1.8226844972758793,-0.15925315760571115
2007-02-01,5.677890787005036,6.647784071976008,3.2540275258721865,0.5329576084293065
2007-03-01,6.3265189909458455,8.934260063712713,4.412447747329308,0.18911763116658561
2007-04-01,5.31826045457257,7.53998476770754,4.437672602609275,1.0519731604685545
2007-05-01,7.258428414877844,8.673718470301058,8.710217755443885,-0.9595235469284218
2007-06-01,7.0072650574173885,7.30969584943707,12.152209492635023,-3.615199507527002
2007-07-01,6.842667184315249,5.984150088953583,13.417149592377958,-3.0586190036399197
2007-08-01,6.561396626127894,4.934104789456766,14.636837881219902,-3.2774472687939427
2007-09-01,3.9079554808002,2.6582061395986964,10.741402411790977,-3.613632471313581
2007-10-01,3.6396480781453855,1.8138041733547352,10.379324718632764,-3.289185639229422
2007-11-01,5.274379243612031,0.9126063418406806,13.000843525938421,-2.5793197900022826
2007-12-01,3.4267725978114227,-2.9154929577464785,13.592136616362192,-3.233762674705399
2008-01-01,-0.9985693012934684,-2.7011411237902645,7.627201089600155,-2.6841207854353444
2008-02-01,3.2236965053261075,2.9370410873301047,10.611696631535441,1.1211991956614467
2008-03-01,1.6977292202227934,1.7679117373388276,8.06049822064057,-3.6565634775105167
2008-04-01,-0.6570562746042086,-0.141643059490085,5.160937357527127,-2.959878453660458
2008-05-01,-0.19532423823547088,0.7038035339922133,5.9548626846732535,-2.978841870824054
2008-06-01,0.10950503723171265,2.4115252113999373,3.210507114191901,-1.3121988039249841
2008-07-01,-0.5904796511627907,2.441629787883412,0.26846800034641033,-2.544272584622282
2008-08-01,-2.199723884031293,-1.133404809312299,-2.4503369213266826,-6.301722209796466
2008-09-01,-8.338212502152574,-8.018710324089543,-7.612421859245816,-10.163468372423596
2008-10-01,-8.30509021658436,-7.189027274160492,-8.08157099697885,-11.482089298851225
2008-11-01,-6.530612244897959,-8.307786633966892,-5.495941028272838,-12.125117150890347
2008-12-01,-7.154037915241464,-8.138691426084433,-6.878769338344551,-11.424525630133108
2009-01-01,-7.541215678178547,-11.445961995249407,-6.779354605441562,-12.349516758039902
2009-02-01,-10.563954014664615,-14.584914251024433,-10.014012143858011,-14.661042482675505
2009-03-01,-8.202117015114013,-12.055903866248693,-6.627696360941873,-9.264442454097626
2009-04-01,-6.653932776463209,-10.595744680851064,-6.442382727824504,-10.002899391127864
2009-05-01,-8.117303465510494,-10.706319702602231,-10.196749358426004,-9.807747489239599
2009-06-01,-8.616432790574116,-13.149847094801222,-9.21703782255214,-9.248690945460963
2009-07-01,-7.012092966584422,-13.07910025323998,-8.023838314043877,-8.113858539390455
2009-08-01,-6.935817805383023,-12.672347017815646,-8.181573517538352,-6.492808975353584
2009-09-01,-3.8776583752912,-10.788231020704686,-5.9260067663429,-4.423786919831223
2009-10-01,-1.7811883976344693,-8.900968235094275,-3.420295809367296,-3.2924178493798752
2009-11-01,-3.0967698923297444,-8.910063523905048,-5.154028436018957,-2.0663911478469537
2009-12-01,-0.4152357165157665,-6.143398610233733,-2.778299230336024,-0.13428827215756492
2010-01-01,0.7017543859649122,-3.956412405699916,-2.4338213904780375,-1.4250709311323189
2010-02-01,0.9244264507422403,-3.731343283582089,-1.9723865877712032,-1.3133738172574496
2010-03-01,0.0430255571809655,-3.8467250854002675,-2.1955735825764924,-2.8811154296995496
2010-04-01,0.4978163271538955,-2.0625099159130573,-2.242817423540315,-3.260309278350516
2010-05-01,4.397548907166497,-1.0324729392173189,-0.2571918460659173,-1.8897938406719266
2010-06-01,6.104651162790697,-0.42253521126760557,2.0831305363574417,-2.6774716369529985
2010-07-01,3.911291643463164,-0.4113110539845758,2.9580242276270075,-3.5045997872207275
2010-08-01,3.3302996595543872,-1.3837147418839808,1.358085002442599,-2.5847214244686962
2010-09-01,6.7469314361660535,1.3232899022801303,2.3665893271461718,0.4690625646685521
2010-10-01,4.738011612070819,-0.5593884020137982,1.690949696905243,0.978383023732399
2010-11-01,6.7629858961128315,2.844558634611855,2.9252550489277533,0.7350939286686632
2010-12-01,6.699689625983635,2.4061921588423356,2.384630237497586,-0.377793430236281
2011-01-01,5.666772252138106,1.3789492057950776,3.657324587557146,1.386799241185321
2011-02-01,3.844353814267567,-0.46142488002953125,1.9591231600127077,1.4882655981682884
2011-03-01,6.023854578817592,1.7145505097312326,4.102055535521097,6.466776775505019
2011-04-01,5.825685285358293,1.1825692531994167,5.536594615092909,7.066737711469296
2011-05-01,0.4206032832166735,-3.4662628302204275,1.0982714162926177,5.7656138530384595
2011-06-01,-0.2965350523771152,0.7248939179632249,1.029846476590064,6.861177724487078
2011-07-01,2.0837930708363546,1.7036654620547238,2.4990879241152864,6.71898307283222
2011-08-01,0.848148752242701,1.5110631408526713,1.3880855986119145,5.562106918238994
2011-09-01,-0.3149260290024901,1.5069318866787222,0.8046237533998187,1.7301750772399587
2011-10-01,0.4140432521215439,2.400150009375586,0.9412256850031374,1.237315875613748
2011-11-01,-2.9675215878334837,-1.1955745895788723,-2.215029837159907,0.6891891891891891
2011-12-01,-3.25850619968267,-1.7088399605652318,-1.914191419141914,0.5270600334233192
2012-01-01,-3.4893132288138133,-2.462121212121212,-3.7583892617449663,-0.8323117620491643
2012-02-01,0.9657481328869431,2.6515853884665304,2.077274615704196,3.0315848843767625
2012-03-01,-2.955731631466508,-3.4016704631738803,-2.0784619381657574,-0.9964200477326969
2012-04-01,-5.843838842144559,-5.443483829650977,-5.021559468199785,-3.4152410575427687
2012-05-01,-2.581814771981371,0.20916855499389925,-1.7664840355186093,-3.4032376747608533
2012-06-01,-1.6713542171790645,-0.3686150605581885,-2.8598395469561115,-2.1194364792419895
2012-07-01,-2.7237354085603114,-0.5245346869712352,-4.155543691048229,-2.3397143725311453
2012-08-01,-4.108038169173541,-1.9670388091440723,-6.38904734740445,-4.667039036802581
2012-09-01,-4.819631180662699,-4.394299287410926,-4.721753794266442,-5.831139906863737
2012-10-01,-4.505026409950587,-4.9258377586522615,-4.4757563199336925,-3.640713916192447
2012-11-01,-2.07205711439482,-2.2936608271627237,-2.616880430285478,-3.569990605287881
2012-12-01,-2.7729688686408505,-4.814443329989969,-3.9127090944049225,-5.038363171355498
2013-01-01,-2.248796396956049,-4.483671668137688,-5.519027694759912,-4.4567338972023425
2013-02-01,-4.450962887386813,-6.701589595375723,-8.14000814000814,-8.142876693581497
2013-03-01,1.418380426907429,2.9712309385316775,-2.5382506411957193,-3.0976917977460374
2013-04-01,0.9515676467000121,2.116491703352523,-3.329234843469214,-3.9224526600541028
2013-05-01,0.25347322488529533,-0.7131675073925899,-4.952399269160496,-3.7199263632324002
2013-06-01,-0.6706996317727512,-2.272727272727273,-4.362611737271668,-2.9295631129792383
2013-07-01,-1.2571428571428571,-3.3168906276577648,-5.273419366818309,-3.9327940261356567
2013-08-01,-1.3324337999662674,-3.88647866955893,-6.032906764168191,-2.7146670138662845
2013-09-01,-2.342724816673099,-4.492753623188406,-9.144542772861357,-1.8490647172651042
2013-10-01,0.039253470363629875,-1.2711864406779663,-6.898047722342733,-1.6643178310180524
2013-11-01,-0.7324268420874165,-2.4029574861367835,-4.227296866702071,-1.8441196938065414
2013-12-01,0.5685367987004873,-0.5444327362135581,-3.651825912956478,-1.151360086183679
2014-01-01,-0.5052270344126338,0.38809831824062097,-3.1105018979333616,-9.19305413687436
2014-02-01,-1.7051521623064603,-0.4065827686350436,-4.275587062472309,-10.07896305125149
2014-03-01,-2.0332463250446486,-0.7786259541984732,-5.045372050816697,-8.340070899931588
2014-04-01,-3.4864048338368576,-2.47056872823744,-6.496428920849231,-9.090299658108199
2014-05-01,-2.240286756704858,-1.8044849334267694,-2.944152165115338,-9.237159622865432
2014-06-01,-5.097312326227989,-5.624661979448351,-3.606623996748959,-9.434457420286051
2014-07-01,-5.533050411522634,-5.313159746657284,-4.136038420072528,-7.565746858401347
2014-08-01,-5.039316239316239,-6.30054542034982,-3.0587980977086033,-9.234475374732334
2014-09-01,-2.0629964826305183,-0.8887925428137872,-0.33766233766233766,-11.412924424972617
2014-10-01,-3.856031961189984,-2.4385485758876317,-2.131873252562908,-8.91967515184604
2014-11-01,-3.053800170794193,1.6856060606060608,-1.3640900521237662,-10.804679191775966
2014-12-01,-3.1216996955954524,1.9954087939254812,1.3187954309449637,-9.420339213950003
2015-01-01,1.4052120592743995,9.830633284241532,9.64196321688976,-1.6047994000749906
2015-02-01,-0.7366670061445497,6.084758942457231,6.838694746586437,-1.358628116974567
2015-03-01,0.1963259009956528,5.477765810124635,7.903287461773701,-1.458813950332474
2015-04-01,1.3084580229136669,4.760285617137028,9.657842419169196,1.342083917115257
2015-05-01,-0.3863026255483533,5.941123996431758,8.308141353069946,0.25424960046491357
2015-06-01,2.378627232142857,9.493791786055397,8.147133220910623,0.47087800637496374
2015-07-01,2.4231698601232003,8.732813080639168,7.494121255495348,0.0
2015-08-01,2.289746543778802,9.032517061421116,7.782361467276173,1.032143910350929
2015-09-01,0.573019652152859,4.440069991251094,9.199895751889498,-0.881965051104517
2015-10-01,0.9535116684599116,2.9394121175764845,7.701464111415307,-3.102053049602877
2015-11-01,3.4213029843909655,5.5317563792140065,11.176073757589386,-0.3974246880216199
2015-12-01,4.540062201417166,5.24584487534626,10.700010249051962,0.15039855617386072
2016-01-01,0.0818846056941295,0.5028494803888702,6.5012406947890815,-0.6554378477250209
2016-02-01,4.117647058823529,4.672897196261682,9.91010505794433,3.250188964474679
2016-03-01,-1.1224632610216934,-0.4084609773887673,4.082897883269861,-0.5370791158851477
2016-04-01,-2.0485724879495737,-1.5741642323920804,4.103053435114504,-2.4812631885323437
2016-05-01,-2.267648218745892,-3.805995284607612,1.5014436958614052,-0.9492065792333889
2016-06-01,-1.6931252980854399,-3.332170272156315,3.4694474222785305,-1.2906482082341912
2016-07-01,-1.8341917262003653,-2.836637047163363,6.039566292562298,-1.8079887876664331
2016-08-01,-2.417992397578488,-3.51620029455081,5.068790731354091,-2.860478692352598
2016-09-01,-1.4484612606829035,-3.1413612565445024,5.238663484486874,-0.498960498960499
2016-10-01,-1.7456817346563764,-3.4576534576534574,6.56498673740053,0.23198267862666253
2016-11-01,-2.095257563368765,-2.770914225202965,2.7204692556634305,1.7476657888436677
2016-12-01,-1.975157184480908,-0.2303010363546636,2.7867790019442644,2.320168193422436
2017-01-01,-0.7300648247215055,-1.3675783855903936,2.413793103448276,1.6494054468738015
2017-02-01,-4.700433582972014,-4.919467787114846,-0.3744580212849823,-3.139742964047503
2017-03-01,0.6652700713395991,-0.6298520580049802,4.178012253233492,-0.5745932848736587
2017-04-01,4.9178259360903445,6.051112943116241,6.553620531622364,-0.9252350395463362
2017-05-01,1.3047279574954602,3.2387955182072834,4.323914280295846,-1.3533284564740309
2017-06-01,2.3425858543854177,4.890813932503158,5.8585287746067625,-4.579985390796201
2017-07-01,2.934705344751718,4.238480478367921,6.26065117947798,-5.331144733085926
2017-08-01,3.7944093778178543,6.410990269032628,9.589445702471203,-2.05078125
2017-09-01,1.229541568276199,4.216216216216216,7.5518766300034015,-3.476807354784789
2017-10-01,3.048438376659809,7.323943661971831,6.07757726612736,-3.139947538960037
2017-11-01,1.7468768486620039,4.93737520421129,4.391060352466279,-6.235294117647059
2017-12-01,0.8541660148305747,6.413849958779884,3.5489101062871558,-6.149556028472885
2018-01-01,23.397578139859256,10.90632397700372,5.869505869505869,11.018867924528301
2018-02-01,24.750973701444178,11.047689191677408,6.478733926805143,13.629492777964394
2018-03-01,22.388143648584045,8.077830188679245,5.652209425794331,13.681938448684027
2018-04-01,16.834034876728804,0.2643034825870647,1.264516129032258,14.008133755083596
2018-05-01,25.044811790479983,6.545701204002034,6.51699690965279,13.807934742306266
2018-06-01,24.494633122270002,3.544390915347557,4.092890826585995,12.577508994871009
2018-07-01,23.919763235777705,4.487936561498229,1.2070566388115136,14.059555220505088
2018-08-01,23.07050769711923,3.388918773534158,-0.6109064774054442,12.853746452948847
2018-09-01,28.844916344916342,9.626556016597512,5.745914602003163,16.12260801801022
2018-10-01,26.92196007259528,7.536557930258718,7.6065701994524835,17.8494623655914
2018-11-01,25.356544341461746,8.285763708700916,8.167499764217673,19.431200334588038
2018-12-01,25.2373270459763,5.577936163619461,7.7070285316631875,17.77308624599265
2019-01-01,4.017776864387186,2.0277481323372464,3.5069623517276947,1.9578518014955815
2019-02-01,3.340332651820744,0.44768695075443543,1.8300046446818392,1.7884856995048406
2019-03-01,5.257352941176471,4.500818330605565,3.022806339389254,1.3229619648435107
2019-04-01,6.943050515967987,9.102186385486121,4.018008834522596,1.3476020610384463
2019-05-01,4.178280374824135,2.7852936495304794,3.259663793839065,-1.5442757542190657
2019-06-01,3.1305246552615116,2.8082419408441344,1.4103769552953245,-1.9311845505235958
2019-07-01,2.9083961362912643,2.179880510253512,2.627189324437031,-2.7098479841374754
2019-08-01,3.3995934041111364,2.3759972251127297,4.212238994847691,-0.33978933061501865
2019-09-01,2.4503683356224246,-1.0598031794095382,1.226321036889332,3.6089777048691376
2019-10-01,4.770211914090428,3.2949790794979084,3.8797019807377793,1.5004055150040552
2019-11-01,6.635200392873708,4.15335463258786,5.301246839305955,0.5673063454265304
2019-12-01,8.977185464093736,6.9856178456119755,5.734130188984008,3.6050989244456244
2020-01-01,6.050727322120965,1.4943215780035863,6.427503736920777,3.620482731030804
2020-02-01,10.996444135497152,8.137999339716078,13.07243203794928,7.12989181732375
2020-03-01,4.381330771917568,2.5711302531975986,4.434939216569113,3.094964637611074
2020-04-01,-47.51064802560339,-45.636725412166,-48.92609228256431,-39.095293964281055
2020-05-01,-70.42170977194547,-73.47475998761226,-74.5971407321709,-70.88682991396426
2020-06-01,-56.52460572815022,-59.67350897042185,-59.27174645987863,-58.6742476771599
2020-07-01,-35.17276946879835,-36.39380530973451,-38.88663145062983,-41.419836956521735
2020-08-01,-39.56308028399781,-37.96374724716246,-43.9240176945095,-37.326968973747015
2020-09-01,-46.70180677005576,-47.360367253251724,-48.36993991923569,-37.164447643037064
2020-10-01,-41.01269278012829,-42.78481012658228,-41.60762704452024,-36.309761619390066
2020-11-01,-30.469489574005372,-31.21165644171779,-32.01954127680715,-29.410126053346335
2020-12-01,-31.77323665128543,-34.40329218106996,-33.94439352276199,-33.61743031079782
2021-01-01,-32.68670967140961,-31.021790341578324,-36.92259675405743,-32.74564056367029
2021-02-01,-33.42566721264091,-35.185467867501146,-38.47519160951997,-35.96069129108776
2021-03-01,-16.540834466171702,-23.09454129024049,-21.233024358697993,-21.659337437701552
2021-04-01,83.2118461467932,54.22222222222223,75.88743204349217,38.324058219178085
2021-05-01,252.14507236388698,248.861646234676,285.9791802212102,217.02659695385313
2021-06-01,147.12162572035183,130.82164328657316,146.77152317880794,134.11073825503357
2021-07-01,67.75258552108194,47.30434782608695,65.09308510638297,66.8328887858054
2021-08-01,80.44008675221399,58.41070453304206,88.78576952822893,57.534544663257535
2021-09-01,92.16829588978449,86.59156976744185,101.03014116749331,60.43981216355515
2021-10-01,77.59833410458121,67.02064896755162,75.11983223487118,54.16623105070569
2021-11-01,54.27215189873418,42.675585284280935,43.90986601705237,44.90923441199685
2021-12-01,51.717474596035316,43.55918025930573,44.565217391304344,37.32020465295878
2022-01-01,52.357723577235774,39.85058697972252,50.75457694210787,29.68809797168006
2022-02-01,46.64423459604182,42.322185586434294,45.65958562811435,37.24203619430628
2022-03-01,19.435673833508744,21.757114493712773,18.49115124977194,11.024623905396302
2022-04-01,10.086577920128114,12.900491608747245,13.645454545454546,9.121856866537717
2022-05-01,3.5031925043422953,3.5140562248995986,4.736620311841551,-3.3988240355657533
2022-06-01,-6.288968530610241,-3.69855877756555,-2.1553170077155315,-4.35748584533792
2022-07-01,-6.96654257463306,-4.047900151796256,-2.0298026580749093,-4.038648686222716
2022-08-01,-5.982221109302617,-4.102740906740218,-1.3928717738631708,-6.6648249188479864
2022-09-01,2.983698238933841,3.4274586173320354,6.784968684759916,-7.145916619074814
2022-10-01,-2.975585606712004,-0.31790886612504415,5.200581643999658,-3.817984538179845
2022-11-01,-6.778771615980918,-6.672917643381779,6.652560304697419,-5.242374727668846
2022-12-01,-6.414423119153234,-3.685360524399126,8.414653655415133,2.024604569420035
2023-01-01,-4.393832739163014,-1.0378510378510377,9.354229917124805,11.33161195130948
2023-02-01,-2.7682514618440206,-0.5626344530862155,11.658264314007923,10.263726095003085
2023-03-01,-2.0855188619864884,-0.1358880282647099,12.34891061667565,7.455844681137927
2023-04-01,1.2933287873622004,6.291291291291292,12.654987600991921,6.537152580828135
2023-05-01,0.9477888865253257,7.225994180407372,12.505029371529734,9.233966745843231
2023-06-01,5.346290863369656,11.720158672917417,13.182480500557128,1.1315099288122892
2023-07-01,6.779661016949152,13.27122517138337,13.228644248951738,2.7453821079319085
2023-08-01,6.253662174399404,10.731619629696207,10.976319069380972,6.992748261062602
2023-09-01,4.364655247118635,7.286763321408397,8.930951746201012,10.978703774890445
2023-10-01,10.932674490426189,17.08008504606662,13.310025205301242,10.329267432842135
2023-11-01,11.337410127165263,12.910247823174817,13.744940877708117,14.851271734444605
2023-12-01,11.5916183682568,9.815486993345433,11.590674339678325,11.644732308964377
2024-01-01,10.868326049781492,5.228254164096237,7.330982216552863,3.1210655357497847
2024-02-01,13.34974244461925,9.385921118322518,9.433201644763365,5.105252115532554
2024-03-01,11.901088540327418,9.443461695468772,7.270609196189954,10.112923462986197
2024-04-01,4.86491338299973,0.5509252719310637,0.617766100972804,11.007586849460935
2024-05-01,4.811519550456567,3.1659882406151065,-1.0228166797797011,14.412883935852133
2024-06-01,3.881443170798419,0.7585539057456424,-0.19689511548655814,14.130112625963248
2024-07-01,1.2507459124000477,-1.8156424581005588,-3.1585826314260816,11.653976311336717
2024-08-01,-2.225898631373139,-4.26948051948052,-8.84995507637017,7.510892869493049
2024-09-01,-2.917243288126211,-4.527904527904528,-12.22059063468755,5.084863179771389
